,LBSA,LBSB,LBSC,LBSD,LBSE,LBSF,LBSG,LBSH,LBSI,LBSJ,LBSK,LBSL,LBSM,LBSN,SBL
0,55.15625598679414,55.45842648568477,55.76110102198803,56.06428043646679,56.367965571286184,56.672157270016264,56.97685637763423,57.28206374052659,57.58778020649183,57.89400662474254,58.20074384590788,58.50799272203582,58.81575410659573,59.12402885448048,54.8545886859535
1,55.229112538396414,55.531404566118944,55.83420083397105,56.137502183053705,56.441309455870815,56.74562349633166,57.05044514975326,57.35577526286261,57.66161468379909,57.967964262116865,58.27482484878718,58.58219729620073,58.89008245817008,59.19848118993202,54.94168339551788
2,55.34278192483967,55.645263559501494,55.948249750567975,56.25174133966755,56.55573916983271,56.86024408550201,57.165256932522624,57.470778558152695,57.77680981106357,58.08335154134226,58.39040460049377,58.69796984144352,59.00604811853951,59.314640287554965,55.069542129014884
3,54.73320915844651,55.03467399139829,55.3366416846722,55.63911307706755,55.94208900878284,56.24557032141815,56.549557857977234,56.85405246287018,57.15905498191551,57.46456626234259,57.77058715279416,58.07711850332835,58.38416116542139,58.69171599196971,54.47521033116521
4,54.54025415156232,54.84139712469395,55.14304242126738,55.4451908791864,55.747843337752535,56.05100063766716,56.35466362103414,56.65883313136199,56.96351001356612,57.26869511397147,57.57438928031458,57.88059336174617,58.18730820883327,58.49453467356181,54.296839085817375
5,55.07427982301458,55.37631358104651,55.67885114839965,55.98189336545629,56.28544107400057,56.58949511722083,56.89405633971175,57.19912558747696,57.50470370793121,57.810791549902824,58.11738996363602,58.424499800793214,58.73212191445755,59.04025715913503,54.84449650375878
6,54.86412688162763,55.165810092715915,55.46799652839339,55.77068702806693,56.073882432543755,56.377583584033474,56.681791326150595,56.98650650391686,57.29172996376341,57.59746255353348,57.90370512248445,58.2104585212903,58.51772360204401,58.82550121825985,54.6489465061361
7,54.95200763714185,55.25383743828043,55.556170708528676,55.859008287701336,56.16235101701413,56.466199739085965,56.77055529794121,57.07541853901226,57.38079030914158,57.68667145658427,57.99306283101043,58.299965283507404,58.60737966658216,58.915306834163765,54.75106706068677
8,55.072651464375745,55.374682506213745,55.67721735284218,55.98025684463579,56.28380182337119,56.58785313222905,56.8924116157965,57.197478120069576,57.50305349245542,57.80913858177465,58.115734238263904,58.42284131357794,58.73046066079215,59.03859313440494,54.88593197354188
9,54.76332747353979,55.064842545537616,55.366860561659145,55.66938236084346,55.9724087834291,56.275940671156356,56.579978867169515,56.88452421601932,57.18957756366527,57.49513975747799,57.80121164624155,58.10779408015583,58.414887910838885,58.722493991329344,54.59125863595432
10,54.55613512269141,54.857304586177406,55.158976417292614,55.46115145401453,55.76383053571849,56.067014503179834,56.37070419857655,56.6749004654912,56.97960414891372,57.28481609524336,57.59053715229131,57.896768169282915,58.20350999686007,58.51076348708363,54.398579899892425
11,55.2284407612603,55.530731668420735,55.83352681384159,56.13682703862066,56.44063318525885,56.744946097662236,57.04976662114468,57.35509560243011,57.6609338896547,57.9672823323695,58.27414178154258,58.58151308956146,58.889397110235635,59.19779469879858,55.08466969317714
12,54.64631079474717,54.94763067633354,55.249453176454985,55.551779133507495,55.85460938728566,56.15794477898481,56.46178615120339,56.76613434794548,57.07099021462289,57.376354598057716,57.68222834648448,57.9886123095527,58.2955073383292,58.60291428530028,54.517327357986446
13,55.491181850990785,55.79391102508845,56.09714516850042,56.40088512354404,56.70513173394159,57.00988584482275,57.31514830272685,57.620919955605416,57.92720165282431,58.233994245166265,58.5412985848331,58.84911552544818,59.15744592205874,59.466290631138335,55.37598910213495
14,56.107139809722376,56.41089643639053,56.715159746221815,57.01993058439229,57.32520979748778,57.63099823350637,57.93729674186047,58.244106173379585,58.55142738031224,58.859261216328704,59.16760853652315,59.47647019741611,59.785847056956825,60.095739974525706,56.00600005121441
15,56.22837196291457,56.53233081164293,56.83679668085223,57.1417704162812,57.44725286507923,57.75324487580891,58.05974729844825,58.366760984393046,58.67428678645934,58.982325558885584,59.290878157335335,59.59994543889928,59.90952826209786,60.21962748688353,56.141619585582205
16,55.79947635861809,56.10271978531989,56.40646903913835,56.71072496382164,57.015488404525264,57.320760207814544,57.6265412216669,57.93283229547423,58.23963428004527,58.546948027608,58.85477439181182,59.16311422773024,59.471968391863,59.78133774213848,55.727350005101016
17,55.49105898662168,55.793787955774604,56.09702189390004,56.400761643314716,56.70500804774027,57.00976195230587,57.31502420355027,57.62079564942443,57.92707713929361,58.23386952393998,58.54117365556479,58.84899038779079,59.15732057566471,59.46616507565945,55.43345350891053
18,56.55328107241794,56.85778188784227,57.162790627778534,57.46830813947335,57.774335271586715,58.08087287419417,58.38792179878931,58.69548289828593,59.00355702702063,59.312145040755155,59.62124779667855,59.930866153409795,60.24100097100008,60.551653110935234,56.509822369816725
19,55.26273972040723,55.565087840163486,55.86794029361399,56.171297922015775,56.47516156802907,56.77953207571982,57.08441029056183,57.38979705943921,57.695693230648764,58.00209965390221,58.30901718032877,58.61644666247734,58.92438895431882,59.232844911248726,55.23397093389724
20,55.76220978924979,56.06539105321475,56.36907804060548,56.67327159499704,56.97797256137185,57.28318178612156,57.588900117049825,57.895128403374414,58.20186749572969,58.50911824616887,58.81688150816638,59.12515813662048,59.433948987855295,59.74325491962336,55.7477851862769
21,56.041678834524234,56.34532626859849,56.6494802036965,56.95414148469047,57.25931095786198,57.564989470904116,57.8711778729241,58.17787701444553,58.48508774741055,58.79281092518259,59.101047402548424,59.40979803572072,59.719063682340234,60.02884520147852,56.041678834524234
22,56.29050336103297,56.5945658484331,56.899135529189316,57.204213249328674,57.50979985628949,57.81589619892363,58.122503127498895,58.42962149370144,58.73725215063803,59.04539595283843,59.354053756257876,59.66322641827936,59.97291479771599,60.28311975481348,56.30497103858617
23,57.178853415357295,57.484397720686566,57.79045169112769,58.09701617683077,58.404092029363945,58.71168010171602,59.01978124829843,59.328396324947875,59.6375261889287,59.94717169893516,60.257333715093836,60.5680130989661,60.879210713550506,61.19092742328498,57.20793093787447
24,56.93796806340607,57.243110558399835,57.548762048263164,57.854923382028176,58.16159541014318,58.468778984475115,58.776474958311965,59.084684186364875,59.39340752477085,59.70264583109491,60.012399964332495,60.322670784912034,60.63345915469705,60.9447659369888,56.981528717594756
25,57.21795265973725,57.5235621848085,57.82968148378181,58.13631140698873,58.44345280617924,58.75110653452414,59.05927344661724,59.367954398477984,59.67715024755369,59.98686185272183,60.29709007429269,60.60783577401148,60.91909981506096,61.230883062063604,57.276124735046665
26,57.17320946481802,57.47874435571988,57.7847888960298,58.091343935871684,58.39841032678746,58.70598892173957,59.01408057511321,59.3226861427187,59.63180648179393,59.94144245100669,60.25159491045711,60.562264721680016,60.87345274764727,61.18515985277031,57.24590968594402
27,57.25191320435019,57.55757937752279,57.86375541908963,58.17044217953996,58.477640510781576,58.785351266143444,59.093575300377815,59.40231346966277,59.711566631604576,60.02133564523989,60.33162137103847,60.64242467090533,60.953746408183115,61.26558744765466,57.33919441883319
28,56.81225024679221,57.1171830373865,57.42262447305157,57.728575402236125,58.03503667480398,58.342009142036666,58.649493656635684,58.95749107272486,59.26600224585283,59.57502803299523,59.884569292557195,60.1946268843758,60.505201669722354,60.81629451130473,56.913838046519864
29,57.75928514230621,58.0657976404503,58.37282141870637,58.680357329918465,58.988406228353156,59.29696896970208,59.60604641108413,59.91563941104794,60.22574882957431,60.536375528078466,60.84752036941251,61.15918421786794,61.47136793917783,61.784072400519364,57.875991575480946
30,57.0113870913581,57.316652053426,57.622426214645415,57.928710424389266,58.23550553344716,58.54281239402797,58.85063185976206,59.15896478570369,59.4678120283334,59.77717444556038,60.08705289672493,60.39744824260068,60.70836134539716,61.01979306876205,57.142152635748204
31,56.564420980325,56.868940377743236,57.173967730669155,57.479503886401176,57.785549693651035,58.09210600254621,58.399173664632116,58.706753532874785,59.01484646166282,59.32345330681022,59.63257492555836,59.94221217657862,60.252365919974665,60.56303701728486,56.709366920349
32,56.60656043040782,56.91115011880237,57.21624787995397,57.521854561356534,57.82797101191771,58.134598081961244,58.44173662322911,58.74938748888414,59.057551533512324,59.366229613125014,59.67542258516158,59.98513130849155,60.29535664341712,60.60609945167561,56.766044096915756
33,56.97855586476282,57.28376606249543,57.589485368029614,57.895714630585836,58.20245470080108,58.50970643073137,58.81747067385392,59.125748285069534,59.4345401207052,59.743847038516144,60.05366989768852,60.364009558841495,60.67486688402992,60.9862427367466,57.15289940177494
34,57.54242451422213,57.84857527662335,58.155236715741005,58.46240968341252,58.7700950328964,59.07829361887438,59.38700629745384,59.69623392617014,60.00597736398917,60.31623747130952,60.62701510996508,60.938311143227246,61.25012643580741,61.56246185385935,57.73188624509759
35,57.28469669587651,57.59041755375961,57.89664837125411,58.20338999900141,58.51064328906179,58.81840909491676,59.126688271471615,59.435481675057495,59.74479016343417,60.05461459579199,60.364955832754625,60.67581473638125,60.98719217016904,61.29908899905547,57.488453980919004
36,56.444340989353485,56.748660086582966,57.05348680520812,57.358821991970096,57.664666495022374,57.971021163933166,58.27788684968789,58.58526440469142,58.893154682770486,59.201558539176105,59.510476830585766,59.81991041510614,60.129860152275114,60.44032690306436,56.66166001198145
37,56.60162944588829,56.90621090912294,57.211300431394555,57.51689886017423,57.82300704434672,58.12962583421271,58.43675608149126,58.744398639322156,59.05255436226822,59.3612241063178,59.67040872888708,59.98010908882235,60.290326046402654,60.601060463341966,56.833645462356124
38,57.053929393601365,57.359265318625724,57.66511056117178,57.97146597080991,58.27833239852759,58.585710696731674,58.89360171925104,59.20200632133865,59.51092535967423,59.82035969236636,60.13031017895509,60.44077768041419,60.75176305915356,61.06326717902171,57.30106685366927
39,56.83453108095181,57.13950103723251,57.44497970057845,57.75096791954173,58.05746654408975,58.364476425607826,58.67199841690135,58.980033372198335,59.28858214715156,59.59764559884116,59.907224585776994,60.21731996790082,60.527932606588905,60.83906336465434,57.09590277506409
40,57.37618293528222,57.68205639736583,57.98844007361327,58.2953348150905,58.60274147428312,58.9106609050987,59.21909396286922,59.528041504353375,59.83750438773896,60.147483472645305,60.45797962012557,60.76899369266933,61.080526554204766,61.39257907010106,57.652903622811735
41,57.026745191614815,57.33203577185901,57.63783559398732,57.94414550744389,58.250966363089724,58.55829901320528,58.86614431149246,59.174503113077336,59.48337627451233,59.79276465377866,60.102669110288694,60.413090504888274,60.72402969985934,61.03548755892204,57.317486584466316
42,57.47982521693835,57.78587156018565,58.09242840597229,58.39949660584531,58.707077012772075,59.01517048114287,59.323777866772986,59.6329000269054,59.94253782021304,60.25269210680099,60.56336374820919,60.87455360741462,61.18626254883377,61.49849143832493,57.78587156018565
43,57.68895233256833,57.99534751162412,58.302253775097014,58.60967197550467,58.91760296678668,59.22604760430715,59.5350067448569,59.84448124665595,60.15447196935594,60.464979774042405,60.776005523237195,61.08755008090095,61.39961431243541,61.71219908468585,58.00995049963802
44,57.428480015449615,57.734440712008684,58.0409117682436,58.347894035463085,58.65538836639584,58.963395615192915,59.27191663743031,59.580952290111,59.89050343166755,60.20057092196446,60.511155622300514,60.822258395411154,61.13388010547097,61.4460216180961,57.7636064299851
45,56.43748363391272,56.74179129268706,57.046606553777124,57.35193026389217,57.657763271153804,57.964106425098336,58.270960576679165,58.5783265782692,58.886205283663,59.19459754807945,59.503504228163926,59.812926181990676,60.12286426906541,60.433319350327395,56.78530523255981
46,56.45725101981771,56.7615916517052,57.06643994090939,57.37179673423133,57.677662879884515,57.98403922749729,58.29092662811534,58.59832593420377,58.9062379996498,59.21466367976494,59.5236038312873,59.83305931238425,60.14303098265449,60.45351970313071,56.81961882750543
47,55.976536794884304,56.280075568367174,56.58412066162177,56.88867291921803,57.19373318713464,57.49930231276137,57.80538114490159,58.1119705337745,58.41907133101745,58.72668438968841,59.03481056426829,59.34345071066334,59.652605686207515,59.9622763496648,56.35242130094992
48,55.20786166809451,55.51011824816836,55.812879009243126,56.1161447923211,56.41991643980747,56.7241947955125,57.028980704654124,57.33427501386,57.64007857117009,57.94639222603895,58.25321682933795,58.560553233357936,58.86840229181133,59.17676485983457,55.59656983896798
49,53.848513177728265,54.14850228795151,54.448991796908246,54.7499825392917,55.051475351187555,55.353471070075955,55.65597053483411,55.958974585738524,56.26248406446727,56.56649981410252,56.87102267913258,57.17605350545449,57.48159314037634,57.787642432619535,54.24860981655368
50,55.047548877710554,55.349538047020026,55.652030951274185,55.95502843073132,56.25853132705127,56.56254048329782,56.867056743941085,57.17208095485973,57.47761396334341,57.78365661809517,58.09020976923368,58.397274268295604,58.70485096823818,59.012940723441275,55.46471399622251
51,55.92486343810728,56.22831601752041,56.53227477292872,56.83674054866228,57.14171419045957,57.44719654546975,57.75318846225515,58.05969079079352,58.36670438248039,58.67423009013149,58.982268767985076,59.290821271704395,59.599888458379894,59.90947118653175,56.3585220256186
52,55.1876051137772,55.489827904777435,55.79255482041653,56.09578670160274,56.39952439064706,56.70376873126547,57.00852056858139,57.3137807491278,57.619550120849965,57.92582953310731,58.2326198366763,58.53992188375235,58.847736527952485,59.15606462431756,55.633920654631424
53,55.743267066059595,56.04641673249528,56.35007206965024,56.65423392101173,56.95890313147395,57.264080547340455,57.56976701632654,57.87596338756141,58.182670511590764,58.489889240379085,58.79762042731184,59.10586492719814,59.41462359627289,59.72389729219921,56.205411171143005
54,55.43512587591603,55.73776154548975,56.040902028407,56.34454816672492,56.648700803905186,56.95336078481637,57.25852895573649,57.56420616435507,57.87039325977561,58.1770910925181,58.48430051452108,58.792022379144356,59.10025754117097,59.409006856809945,55.910922810729176
55,54.400055308891616,54.70096442245661,55.002375469372474,55.30428928689236,55.60670671366587,55.90962858974166,56.21305575656959,56.51698905700309,56.82142933530147,57.12637743713242,57.43183420957417,57.73780050111798,58.0442771616704,58.35126504255568,54.88749297527082
56,54.289671792663405,54.59039678030572,54.8916233941665,55.193352470986525,55.49558484890233,55.798321367448494,56.10156286755995,56.40531019157447,56.70956418323471,57.014325687690956,57.31959555150304,57.625374622643065,57.93166375049752,58.23846378586973,54.7911587350111
57,54.53439058292885,54.835523775297716,55.13715927479353,55.43929791929284,55.74194054806991,56.04508800179891,56.34874112255622,56.652900753822976,56.957567740487235,57.26274292884635,57.56842716660944,57.87462130289948,58.18132618825605,58.48854267463731,55.05092639885012
58,53.91880056354315,54.21890691708505,54.519513864928896,54.82062224209416,55.122232884993196,55.424346631433586,55.72696432062033,56.03008679315834,56.33371489105467,56.63784945772088,56.94249133797543,57.24764137804599,57.55330042557167,57.859469329605645,54.447895332271536
59,53.921932104124274,54.22204368125225,54.52265586139542,54.82376947958775,55.12538537225621,55.427504377222945,55.73012733370753,56.033255082329546,56.336888465110654,56.64102832547717,56.945675508262184,57.25083085970811,57.556495227468886,57.862669460612366,54.46535776445465
60,54.39291403203172,54.69381123354464,54.99521034853851,55.29711221423321,55.5995176692453,55.902427553590044,56.205842708684045,56.50976397734735,56.81419220380593,57.1191282336939,57.42457291405597,57.73052709334987,58.036991621448436,58.343967349642234,54.952122570997766
61,54.53910488146643,54.840245937550804,55.14188931387924,55.44403584835021,55.74668638025982,56.049841750304196,56.353502800581765,56.657670374595675,56.962345317256045,57.26752847488235,57.57322069520578,57.87942282737153,58.18613572194137,58.49336023089574,55.113139708451115
62,54.316028006120405,54.616796957411324,54.91806760825456,55.21984079551322,55.522117357446376,55.82489813371127,56.128183965365906,56.431975694871035,56.73627416609279,57.04108022430492,57.346394716191114,57.6522184898474,57.95855239478436,58.26539728192982,54.90370999803438
63,54.48703142071681,54.7880856153355,55.089641985308404,55.39170136829233,55.69426460334134,55.99733253090903,56.300905992850986,56.60498583242695,56.909572894303366,57.21466802455567,57.52027207067042,57.82638588154801,58.133010307504776,58.44014620027544,55.089641985308404
64,54.57135802420001,54.872552880343186,55.17425014647197,55.476450660634484,55.77915526227684,56.082364792245315,56.386080092788816,56.69030200756114,56.99503138162332,57.300269061446095,57.606015894912105,57.91227273131827,58.21904042137824,58.526319817224696,55.188629228984574
65,54.429419006151186,54.730377100017186,55.031837208935976,55.33380017029692,55.63626682288625,55.93923800688929,56.2427145638928,56.54669733688751,56.85118717027016,57.15618490984601,57.46169140283125,57.7677074978552,58.07423404496274,58.38127189561672,55.06057390818116
66,55.504034365479974,55.80678497829572,56.11004059618682,56.4138020615302,56.71807021810789,57.02284591110942,57.328129987134105,57.63392329419346,57.9402266817136,58.24704100053738,58.55436710292707,58.86220584256645,59.1705580745633,59.47942465545187,56.153404101318884
67,54.4164947225532,54.717431257986185,55.01886977251127,55.32081110345783,55.62325608955203,55.926205570918995,56.22966038908523,56.533621386981075,56.838089408942714,57.14306530071491,57.44854990945315,57.75454408372589,58.06104867351723,58.368064530228935,55.07634361544452
68,54.23613400311956,54.53676968671325,54.837906847561236,55.139546322155795,55.44168894838459,55.74433556553288,56.04748701428587,56.35114413673113,56.6553077763609,56.95997877807434,57.26515798817998,57.57084625439804,57.877044425862806,58.183753353124956,54.909680177404596
69,55.04731473257362,55.34930351131582,55.65179602435123,55.95479311193702,56.25829561573195,56.56230437879877,56.8668202456064,57.171844062032505,57.47737667536562,57.783418934307655,58.089971688976235,58.397035790906884,58.70461209305572,59.01270144980156,55.738315096824344
70,54.73755777891422,55.03902986560987,55.341004824727314,55.64348349508605,55.94646671690478,56.24995533180383,56.553950182807256,56.85845211434542,57.16346197225722,57.468980603792424,57.775008857614175,58.08154758380108,58.3885976338498,58.69615986067737,55.441775038801055
71,54.33887530876722,54.63968237064589,54.94099119564748,55.24280262074114,55.54511748429214,55.84793662606418,56.15126088722172,56.45509111033238,56.75942813936918,57.064272819712926,57.36962599815465,57.675488522897794,57.98186124356063,58.28874501117878,55.0559076676587
72,53.41169888458419,53.71095936396182,54.01071902667563,54.310978705391555,54.611739234164446,54.91300144844044,55.214766185059155,55.51703428225621,55.8198065796654,56.12308391832107,56.42686714066046,56.73115709052603,57.035954613167895,57.341260555246,54.13934047107498
73,53.32923916103832,53.62836209295233,53.927983978765596,54.228105650761364,54.528727942611106,54.82985168937695,55.13147772751393,55.433606894872405,55.736240030700145,56.039377975645074,56.3430215717571,56.64717166249097,56.951829092708174,57.25699470867958,54.07083667792963
74,53.893850941210346,54.193915677376836,54.49448093842514,54.79554755925895,55.09711637617466,55.399188226863586,55.70176395041438,56.00484438731543,56.308430379456965,56.612522770133616,56.917122404046715,57.22223012730647,57.5278467874346,57.83397323336643,54.652119920909456
75,54.51041672389258,54.81150992651418,55.11310536955757,55.41520389078806,55.71780632936843,56.0209135258612,56.32452632223093,56.62864556184679,56.93327208948462,57.23840675132934,57.54405039497753,57.85020386943944,58.15686802514165,58.46404371392914,55.28567144077252
76,54.84275854107143,55.144406108564056,55.446556841190315,55.74921157825797,56.05237116047488,56.35603642995108,56.6602082302015,56.964887406147966,57.27007480412175,57.57577127186575,57.881977658537075,58.18869481470918,58.49592359237441,58.80366484494621,55.63385505300188
77,53.97631207414857,54.27651436012962,54.57721740043334,54.87842203034614,55.18012908654771,55.48233940711343,55.785053831516606,56.0882732006308,56.39199835673231,56.69623014350221,57.00096940602911,57.30621699081106,57.61197374575826,57.91824052019523,54.777964703244876
78,53.8688390564219,54.1688620713557,54.469385541577964,54.77041030187629,55.071937188430724,55.37396703881622,55.67650069200475,55.97953898836773,56.28308276967844,56.58713287911422,56.89169016125891,57.19675546210519,57.50232962905679,57.80841351093114,54.68435202672602
79,53.63669219783316,53.93632797873058,54.23646356898829,54.537099802316426,54.83823751381583,55.13987753998032,55.442020718699105,55.74466788925895,56.047819892346645,56.35147757005127,56.655641765866584,56.96031332469332,57.26549309284159,57.57118191803309,54.465474292496936
80,52.96047584987779,53.25898366381725,53.55798940560458,53.85749390581146,54.15749799639498,54.45800251070008,54.75900828346174,55.06051615080723,55.362526950258655,55.665041520735045,55.968060702554894,56.2715853374383,56.57561626850949,56.88015434029901,53.80040693788196
81,52.561593774460704,52.85943623063038,53.15777550479363,53.456612425670905,53.75594782336492,54.05578252936313,54.35611737653984,54.656953199158764,54.95829083287513,55.26013111473816,55.56247488319321,55.865322978084286,56.16867624065636,56.47253551355751,53.41389093736135
82,52.08050060097273,52.377540566630245,52.67507601168199,52.97310776261551,53.271636647296965,53.570663494973445,53.87018913627527,54.170214403218296,54.47074012920626,54.77176714903305,55.073296298885005,55.3753284163433,55.677864340386165,55.98090491139147,52.9447023809072
83,53.15682458257054,53.45565991725598,53.7549937261123,54.054826840622525,54.35516009365659,54.65599431947377,54.95733035372479,55.259169033454505,55.56151119710378,55.86435768451219,56.167709336920176,56.47156699697143,56.77593150871522,57.08080371760862,54.040537738855754
84,52.9537636503005,53.252260267912995,53.55125479469725,53.85074806119377,54.1507408993285,54.451234142415096,54.75222862515718,55.05372518365078,55.355724655386446,55.65822787925182,55.9612356955339,56.264748945921156,56.56876847350622,56.873295122787944,53.85074806119377
85,52.304499105114004,52.60191271289369,52.89982242332371,53.19822906393125,53.4971334636238,53.79653645269158,54.09643886280974,54.39684152704074,54.69774527983659,54.99915095704123,55.301059395892885,55.60347143502631,55.90638791447509,56.20980967567413,53.21245131315035
86,52.849528285876325,53.14785103302966,53.446671399329006,53.74599021483113,54.045808310977385,54.34612652059603,54.6469456779045,54.94826661851168,55.25009017942051,55.55241719902988,55.85524851713727,56.158584974941,56.46242741504252,56.76677668144879,53.77452279517936
87,53.51746043279592,53.81689732839323,54.116833701598935,54.41727038556981,54.71820821485239,55.019648025385294,55.32159065450151,55.62403694093075,55.92698772480176,56.23044384764478,56.53440615239357,56.83887548338814,57.143852686376825,57.44933860851864,54.46023080219071
88,53.19848688932055,53.497391719080376,53.79679513893281,54.096697980554204,54.39710107700816,54.698005262747984,54.999411373618784,55.301320246859945,55.60373272110749,55.90664963639617,56.2100718341621,56.51400015724495,56.81843544989018,57.12337855775163,54.15387902406398
89,53.001909562183414,53.300486489888875,53.59956146072783,53.89913530546429,54.199208856248,54.49978294661682,54.800858411498965,55.10243608721533,55.4045168114819,55.70710142341202,56.010190763518665,56.31378567371686,56.61788699732599,56.92249557907216,53.97053603299379
90,53.481487634323486,53.780864525266686,54.080740793727145,54.381117272694674,54.68199479654857,54.98337420105991,55.285256323393945,55.58764200211225,55.890532077175315,56.19392738994462,56.497828783185106,56.802237101067554,57.107153189170724,57.41257789448403,54.4670311159572
91,53.36525683325386,53.6644398446739,53.96412191020921,54.26430386231018,54.56498653481576,54.86617076295573,55.167857383353244,55.47004723402681,55.772741154392875,56.075939985268114,56.37964456887164,56.68385574882759,56.988574370167136,57.29380127933108,54.36447574299425
92,53.00223691178134,53.30081438552438,53.59988990331172,53.899464295908906,54.199538395467215,54.50011303552601,54.801189051015044,55.10276727825674,55.404848554968645,55.70743372026558,56.01052361466206,56.314119080074725,56.61822095982446,56.92283009863887,54.013719271022865
93,53.31420415083238,53.613302003502476,53.91289876823826,54.21299527725314,54.51359236414874,54.81469086391715,55.11629161294332,55.41839544900726,55.7210032112865,56.024115740358376,56.327733878202295,56.63185846820218,56.93649035514874,57.241630385241905,54.341761256301986
94,53.378385741856974,53.67759065303608,53.97729465486049,54.27749857984151,54.57820326187915,54.87940953626436,55.18111823968143,55.483330210210276,55.78604628732885,56.089267311915236,56.392994126250365,56.69722757401991,57.00196850031709,57.3072177516446,54.420628781651615
95,54.03167624437504,54.33197088091056,54.632766425814665,54.934063714630724,55.23586358429583,55.5381668731432,55.84097442090433,56.144287068711485,56.44810565910008,56.752431036010734,57.05726404479195,57.36260553220234,57.6684563464128,57.97481733700919,55.09208662742041
96,54.00897602250331,54.309232793790116,54.60999041028411,54.91124970742335,55.21301152203938,55.51527669235969,55.81804605800994,56.121320460016285,56.4251007408079,56.72938774421907,57.0341823154916,57.339485301277364,57.64529754964034,57.951619910059264,55.08362344357697
97,54.41680176119796,54.717738808788695,55.019177836325824,55.32111968114019,55.62356518195933,55.92651517890987,56.22997051351967,56.5339320287205,56.83840056885008,57.14337697965456,57.44886210829078,57.75485680332879,58.061361914754016,58.368378293969776,55.50828840687276
98,54.85264234325124,55.15430639748265,55.45647364434848,55.759144923202406,56.062321074798184,56.36600294129195,56.67019136624467,56.974887194624394,57.28009127280857,57.58580444858658,57.89202757116178,58.19876149115428,58.50600706060283,58.8137651329676,55.9612062086722
99,54.204763106842535,54.505346462014195,54.80643120715339,55.10801817860683,55.410108214116285,55.71270215282091,56.01580083525968,56.31940510337357,56.623515800507896,56.92813377141484,57.23325986225562,57.53889492060289,57.84503979544318,58.15169533717901,55.323745393429164
100,54.93347833186036,55.23527722507403,55.537579535841154,55.840386103890594,56.143697770351864,56.44751537775757,56.751839770045684,57.05667179256199,57.36201229206227,57.66786211671478,57.97422211610255,58.28109314122579,58.588476044504205,58.89637167977943,56.07143484813525
101,54.96901616682962,55.2708743391538,55.57323602791231,55.876102072998954,56.1794733157085,56.48335059873898,56.787734766194205,57.09262666358599,57.39802713783637,57.70393703728028,58.01035721166755,58.3172885121656,58.624731791361526,58.93268790326467,56.12164932845178
102,54.19458579458914,54.4951521734307,54.79621991392233,55.097789852363455,55.399862826448604,55.70243967526952,56.005521239317694,56.309108360486476,56.61320188207369,56.91780264878371,57.22291150673005,57.52852930343742,57.83465688784436,58.141295110305535,55.35667871454862
103,54.888520969126,55.19024487092631,55.492472065190164,55.79520339143776,56.098439690589636,56.402181804969025,56.70643057830423,57.01118685573092,57.31645148379449,57.62222531045247,57.928509185076805,58.2353039584562,58.542610482798594,58.85042961173333,56.06953826381801
104,54.81560868315129,55.11721096315162,55.41931633274349,55.721925631108675,56.02503969882875,56.32865937788744,56.63278551167296,56.93741894498024,57.24256052401357,57.54821109638854,57.854371511134765,58.161042618698026,58.46822527094274,58.77592032115424,56.01059423716696
105,55.418174396578195,55.72078179012954,56.023893949858426,56.32751171774332,56.63163593716704,56.9362674529193,57.24140711119899,57.54705575961642,57.85321424719588,58.1598834243777,58.46706414302096,58.77475725640568,59.08296361923506,59.39168408763814,56.63163593716704
106,55.770682089802165,56.07387748604168,56.37757862928036,56.681786363132666,56.98650153262031,57.29172498417447,57.59745756563833,57.9037001262692,58.21045351674109,58.51771858914692,58.825496197000966,59.13378719524127,59.442592440231905,59.7519127897654,57.001024450315676
107,55.90186917575072,56.20528339943903,56.50920373514303,56.81363102708604,57.11856612089962,57.424009863625905,57.72996310371995,58.03642669105207,58.34340147691012,58.650888314002145,58.9588880564584,59.2674015598339,59.57642968111084,59.88597327870084,57.14763407324546
108,56.56180361322401,56.866318644726476,57.17134162445404,57.47687339969297,57.782914819142846,58.0894667329189,58.39652999255444,58.704105451003166,59.012193962641504,59.32079638327109,59.629913570121126,59.939546381850576,60.24969567855086,60.56036232174798,57.826676675082155
109,56.01370049510085,56.31730125972901,56.62140844753364,56.92602290325713,57.23114547305094,57.53677700447791,57.84291834651479,58.14957034955435,58.4567338654079,58.76440974730769,59.07259884990904,59.38130202929306,59.69052014296881,60.00025404987559,57.28932173721992
110,55.63721808721876,55.94019085798427,56.24366900439712,56.54765336945233,56.85214479755114,57.157144134503234,57.46265222752923,57.768669925262905,58.07519807775358,58.382237536468566,58.689789154295475,58.99785378554452,59.30643228595099,59.61552551267757,56.92471758678071
111,55.68136640297863,55.98441281562159,56.28796472675067,56.59202297956585,56.89658841867356,57.2016618900891,57.507244241238965,57.813336320963266,58.1199389795179,58.427053068577194,58.73467944123599,59.0428189520122,59.35147245684914,59.66064081311776,56.983700390585014
112,55.358092100869165,55.660599273766984,55.963611045668664,56.26712825827376,56.57115175468585,56.87568237941484,57.180720978379284,57.48626839890891,57.79232548974667,58.098893101051374,58.40597208439991,58.71356329278964,59.021667580640845,59.330285803798915,56.67260557359333
113,55.6551606875355,55.958163387569,56.26167151317355,56.565685907427444,56.87020741481531,57.17523688123043,57.480775153977085,57.78682308177289,58.09338151475114,58.40045130446329,58.70803330388114,59.01612836739931,59.32473735083769,59.6338611114436,56.9863491749525
114,54.46467360814941,54.765690508677366,55.067209522350915,55.36923148672308,55.67175724074396,55.974787624763046,56.27832348053161,56.58236565120504,56.88691498134505,57.19197231692224,57.4975385053183,57.80361439532837,58.11020083716346,58.417298682452746,55.80156556484564
115,55.85801537647593,56.161356449556884,56.46520351263416,56.769557409727604,57.074418986264874,57.379789089083914,57.68566856643517,57.99205826798407,58.2989590448133,58.60637174942528,58.91429723574427,59.22273635911917,59.531689976325396,59.84115894556775,57.219769847272715
116,55.6833511459319,55.986400869237904,56.289956096552416,56.594017671084586,56.8985864374501,57.20366324167349,57.50924893119056,57.8153443548506,58.12195036291887,58.429067807078994,58.73669754043509,59.04484041751442,59.35349729426968,59.66266902808119,57.0583251586147
117,55.6000924581111,55.903003301236076,56.20641941670959,56.510341647354366,56.81477083739904,57.119707832480415,57.42515347964594,57.73110862735594,58.037574125485946,58.344550825329314,58.65203957959925,58.96004124243134,59.268556669386015,59.57758671745073,56.988958314368304
118,55.258196052240066,55.56053659290188,55.8633814546156,56.16673147861713,56.47058750754565,56.774950385445855,57.07982095777044,57.385200071382194,57.69108857455671,57.99748731698446,58.304397149773266,58.61181892545059,58.91975349796605,59.228201722693626,56.65894280416137
119,54.99240245440884,55.294299636377986,55.59670039985177,55.89960558483249,56.20301603272365,56.506932586332255,56.81135608987111,57.11628738896128,57.42172733063436,57.727676763334784,58.034136536922354,58.34110750267432,58.64859051328812,58.956586422883326,56.40557078241116
120,54.30405626860608,54.60480525036449,54.90605589836492,55.2078090494149,55.51006554171783,55.81282621487527,56.11609190988925,56.419863469164746,56.72414173651181,57.028927557148016,57.33422177770086,57.64002524621004,57.94633881212982,58.25316332633145,55.72627166936399
121,54.089511463822326,54.389902572761606,54.69079475099085,54.99218883432188,55.2940856599607,55.59648606650977,55.899390893970406,56.20280098374509,56.506717178639875,56.81114032286657,57.11607126204523,57.421510843206434,57.72745991479364,58.033919326665604,55.52444024871555
122,52.72863140858784,53.02675249294001,53.325370860053326,53.62448733942338,53.924102761929525,54.224217959837,54.524833766799276,54.825951017860504,55.12757054945772,55.429693199423085,55.73231980698642,56.035451212777325,56.33908825882774,56.64323178857406,54.16701459005035
123,52.84349157436482,53.141804251943306,53.44061453187119,53.739923244177255,54.03973122027472,54.340039292963766,54.64084829643363,54.942159066265134,55.24397243943276,55.546289254307226,55.84911035065764,56.15243656965395,56.456268753869125,56.76060774728165,54.29710748996236
124,53.03732146059841,53.33595745734509,53.63509159575575,53.934724706758765,54.23485762266851,54.53549117718772,54.83662620540981,55.13826354382114,55.44040403030341,55.74304850413592,56.046197805998005,56.34985277797125,56.65401426354186,56.958683107603065,54.50683781779331
125,53.49036864594512,53.78976035091598,54.08965145811468,54.39004280057232,54.69093521270945,54.992329530338544,55.29422659066623,55.59662723229567,55.89953229522876,56.20294262086876,56.506859052022236,56.81128243290171,57.116213609127904,57.42165342773205,54.9779660265489
126,53.08147625708732,53.38018590652167,53.67939382047683,53.9791008300861,54.27930776786916,54.58001546773432,54.881224764980956,55.18293649630178,55.4851514997851,55.787870614917274,56.09109468258485,56.39482454507714,56.69906104608845,57.00380503072028,54.58001546773432
127,52.33151073570093,52.62896940040194,52.92692424291077,53.225376090879955,53.524325773342575,53.823774120714646,54.123721964797284,54.42417013877918,54.72511947723876,55.026570816146624,55.32852499286776,55.630982846163974,55.933945216196186,56.23741294452673,53.838046018336975
128,52.28150471331119,52.578879965150136,52.876751255659556,53.175119412259896,53.47398526375175,53.77334964031826,54.07321337352731,54.37357729633395,54.67444224308258,54.975809049509294,55.27767855274442,55.580051591314486,55.882929005144774,56.18631163556167,53.80188656377712
129,51.42084051512756,51.716780130604896,52.01321339003038,52.31014111682991,52.607564135802946,52.905483273124716,53.20389935634858,53.50281321440829,53.80222567762032,54.102137577686115,54.40254974769447,54.70346302212392,55.00487823684476,55.30679622912174,52.94808369757862
130,51.622138837688425,51.91841423010643,52.215183826567404,52.51244845143158,52.8102089304342,53.108466090687905,53.40722076068494,53.706473770299674,54.0062259507906,54.30647813480285,54.60723115637053,54.9084858509188,55.21024305526651,55.512503607628325,53.165333359985404
131,50.14673011065107,50.44054443820631,50.73484886460973,51.02964420737382,51.3249312853747,51.62071091885449,51.91698392942342,52.213751140062314,52.51101337512471,52.8087714603392,53.10702622281179,53.40577849102815,53.705029094855846,54.00477886554676,51.69120733030671
132,49.59281170954107,49.885702070002424,50.1790809880828,50.472949278723824,50.767307758226515,51.062157244253484,51.35749855583128,51.653332513352595,51.94965993857867,52.246481654641364,52.5437984860457,52.84161125867192,53.13992079977792,53.43872793800154,51.14649025400055
133,50.12926894856889,50.42305414992222,50.7173294015396,51.01209552085246,51.30735332665576,51.60310363911027,51.899347279744845,52.19608507145861,52.49331783852351,52.79104640658621,53.08927160267074,53.38799425518062,53.68721519390115,53.98693525000188,51.70179666447079
134,50.42003048325111,50.714300691222164,51.00906175847562,51.304314503792405,51.60005974731921,51.8962983105708,52.193031016432265,52.49025868916132,52.78798215439059,53.08620223912984,53.38491977176845,53.6841355820775,53.9838505012122,54.284065361714234,52.009281030417675
135,49.62634363659061,49.919289930195056,50.212724874718155,50.506649285257176,50.80106397826899,51.09596977157239,51.39136748435032,51.68725793715216,51.98364195189607,52.280520351871104,52.577893961739726,52.87576360753992,53.17413011668755,53.472994317978674,51.22250850848254
136,49.30089873987763,49.593302173062874,49.886193351645005,50.179573089210834,50.47344220070426,50.76780150242857,51.062651812048685,51.35799394859341,51.653828732457775,51.950156985405236,52.24697953057008,52.544297192459474,52.84211079695611,53.14042117132008,50.908145124728456
137,49.60969367658744,49.902612197120746,50.196019322245654,50.48991586698217,50.78430264770976,51.07918048216966,51.37455018946716,51.67041259007389,51.966768505830004,52.26361875994655,52.56096417700785,52.85880558297348,53.157143805180915,53.455979672347674,51.23383655126863
138,49.01868008927623,49.31061276585558,49.60303240258332,49.89593981173638,50.18933580694663,50.483221203203165,50.777596816854455,51.072463465610774,51.36782196854632,51.66367314610153,51.96001782008548,52.256856813678006,52.55419095143199,52.85202105927587,50.6513757605389
139,49.081281375804636,49.37331847485609,49.66584270823849,49.958854888519326,50.2523558296215,50.54634634682561,50.840827256772144,51.13579937746388,51.43126352826792,51.72722052991826,52.02367120451789,52.32061637554108,52.618056867835676,52.915993507625515,50.728586176870955
140,48.576500174686615,48.86769527026156,49.15937609565821,49.451543461101274,49.74419817816694,50.037341059785184,50.330972920241976,50.625094575181535,50.91970684160867,51.21481053789099,51.510406483761116,51.80649550031918,52.103078410034755,52.40015603674956,50.23304125212054
141,48.85845457726055,49.150119988660784,49.44227191439599,49.73491116599951,50.02803855635835,50.321654899715426,50.61576101167191,50.91035770918934,51.20544581059217,51.501026135569724,51.7970995051786,52.093666741845055,52.390728669367164,52.688286112917105,50.53168066997163
142,49.259366242402855,49.55170039704288,49.8445221815193,50.13783240922612,50.43163189491418,50.72592145469338,51.02070190603487,51.31597406777344,51.6117387601097,51.90799680461248,52.204749024220966,52.501996243247056,52.799739287377676,53.09797898367701,50.950471515378304
143,48.29084015166817,48.581558750234215,48.8727622837981,49.16445156125875,49.45662739286431,49.74929059021454,50.042441966262935,50.33608233531901,50.630212513050715,50.92483331648653,51.219945564017685,51.515550075400675,51.811647671759275,52.10823917558706,49.986565933711155
144,48.89720249548139,49.18893254059178,49.48114920784982,49.773853308968675,50.06704565701551,50.36072706641364,50.654898352945004,50.94956033375221,51.24471382734101,51.54035965358232,51.83649863371481,52.13313159034691,52.4302593474593,52.727882730406975,50.61284386000731
145,49.352305486478464,49.64479466901263,49.93777173997845,50.23123751320131,50.52519280386408,50.81963842850945,51.114575205042115,51.410003952731074,51.70592549221193,52.00234064548916,52.29925023593835,52.596655088308594,52.89455602872468,53.19295388468938,51.086464805089804
146,49.01129562289535,49.303215981768844,49.59562328024409,49.888518330563734,50.18190194632536,50.47577494248363,50.770138135352624,51.064992342608065,51.36033838328962,51.65617707780309,51.95250924792291,52.2493357167941,52.54665730893485,52.84447485023867,50.756109712821086
147,49.638782207938355,49.93174924978043,50.2252049771504,50.519150205203246,50.81358575045367,51.10851243077841,51.403931065418384,51.69984247498112,51.99624748144297,52.293146908151336,52.59054157982708,52.88843232256664,53.18681996384451,53.48570533251551,51.403931065418384
148,49.3401647751171,49.63263370626087,49.925590492055825,50.21903594627101,50.51297088403287,50.80739612182751,51.10231247750305,51.397720770271725,51.69362182071237,51.9900164507725,52.28690548377075,52.584289744399044,52.882170058724945,53.180547254194,51.116368377534855
149,48.77535010855135,49.0668768970167,49.35888996858617,49.65139013440739,49.944378206981014,50.23785500016295,50.53182132916672,50.826278010565645,51.12122586229517,51.416665703655056,51.712598355311655,52.00902463930042,52.30594537902781,52.60336139927385,50.55984368348448
150,49.42027817137115,49.71288073617245,50.00597137853342,50.299550912594896,50.593620153855774,50.88817991917526,51.18323102677511,51.47877429624193,51.77481054852944,52.071340605960735,52.36836529223061,52.6658854324078,52.96390185293742,53.26241538164296,51.22542134234981
151,50.65321250168394,50.94787167039629,51.24302234719947,51.53866535195664,51.83480150589858,52.1314316316259,52.42855655311138,52.72617709570215,53.02429408612222,53.32290835247447,53.62202072424317,53.92163203229627,54.221743108887516,54.52235478765902,52.48520794384661
152,50.94474983499446,51.239895304400335,51.535533093073994,51.831664022231685,52.128288914459525,52.425408593715716,52.723023885332935,53.02113561602046,53.31974461386668,53.61885170834122,53.918457730297256,54.21856351197396,54.51916988699874,54.82027769038945,52.79395780936781
153,50.7228846138828,51.01765999960276,51.312927087270054,51.60868669707123,51.904939650560934,52.20168677066426,52.498928881678935,52.79666680927769,53.09490138051048,53.39363342380692,53.692863768978356,53.99259324722047,54.29282269111529,54.59355293463369,52.58394623132134
154,50.71355561737927,51.00831544180758,51.303566942226105,51.59931093877812,51.89554825297489,52.192279707698034,52.48950612720181,52.78722833711533,53.0854471644449,53.384163437576426,53.683377986277435,53.98309164169968,54.283305236381295,54.58401960424908,52.58869173520488
155,50.54241856888569,50.836892927077386,51.13185848508555,51.42731606225915,51.723266479313864,52.019710558334346,52.31664912277658,52.61408299747011,52.91201300862034,53.210439983810815,53.50936475200553,53.8087881435513,54.108710990179915,54.409134125010596,52.42989881677276
156,51.44479150376715,51.74077107084263,52.03724434850778,52.334212160299664,52.63167533112907,52.92963468728277,53.22809105642583,53.52704526760392,53.82649815124558,54.12645053916461,54.42690326456222,54.72785716202955,55.02931306754985,55.331271818500795,53.35615328114889
157,50.39781012013532,50.69204326328908,50.986767203899035,51.28198276064298,51.57769075356432,51.87389200407434,52.170587334954476,52.46777757035864,52.76546353581542,53.06364605823049,53.3623259658888,53.661504088457015,53.96118125698557,54.26135830391135,52.31204472125505
158,50.620753547564014,50.91535857291256,51.21045501603775,51.50604369665211,51.80212543583551,52.0987010560374,52.39577138107914,52.693337236156275,52.99139944784084,53.28995884408357,53.589016254216304,53.88857250895434,54.1886284403985,54.48918488203769,52.55157735680147
159,51.773675756501675,52.07020392103595,52.36722671125133,52.66474495221135,52.962759470355756,53.26127109350281,53.560280650851695,53.859788972984674,54.15979689186955,54.460305240861814,54.76131485470704,55.062826569543304,55.36484122290332,55.66735965371684,53.73136713692965
160,52.462696836596706,52.760374327103406,53.05854836043168,53.35721976484294,53.65638936998016,53.95605800687022,54.25622650792619,54.55689570694965,54.85806643913307,55.159739541061896,55.461915850717254,55.76459620747795,56.06778145212297,56.37147242683368,54.44229596736876
161,52.45964769107931,52.75732009543953,53.055489034137345,53.35415533542002,53.65331982891636,53.952983345639026,54.25314671798689,54.55381077974727,54.85497636609831,55.156644313611295,55.45881546025292,55.76149064538767,56.06467070978019,56.36835649559743,54.45353374214463
162,52.06816352552733,52.36518291224807,52.66269774403624,52.96070884732207,53.259217049914405,53.55822318100289,53.85772807116029,54.15773255234483,54.45823745790245,54.759243622569265,55.060751882473674,55.36276307513878,55.66527803948478,55.96829761583122,54.07196595905029
163,52.327708372552635,52.625160694697726,52.92310918407091,53.22155466830706,53.520497976421574,53.81993993881275,54.11988138726404,54.420323154946274,54.72126607642013,55.02271098763834,55.32465872594812,55.62711013009335,55.93006604021702,56.23352729786352,54.348743975873
164,53.0204307714558,53.319038593581574,53.61814451037449,53.91774935268449,54.21785395274746,54.51845914418745,54.819565762019124,55.121174642649926,55.42328662388245,55.72590254491688,56.02902324635323,56.332649570193574,56.63678235984461,56.94142246011978,55.06368656990334
165,52.97448766374578,53.27301885018004,53.57204800344878,53.87157595418873,54.17160353442216,54.47213157755925,54.773160918400244,55.074692393138015,55.37672683936013,55.679265096051424,55.98230800359605,56.28585640378013,56.58991113979382,56.894473056233856,55.03158569355365
166,52.254456377271204,52.551786510962074,52.849612608063794,53.14793549587128,53.4467560030594,53.74607495968532,54.04589319719078,54.34621154840441,54.647030847544045,54.94835193021902,55.25017563343256,55.55250279558401,55.85533425647127,56.15867085729304,54.31758823101117
167,53.21538944520264,53.514322469377746,53.813754130675335,54.11368526085022,54.41411669304457,54.71504926179038,55.01648380301162,55.318421154026666,55.62086215355058,55.92380764169747,56.22725845998269,56.531215451325494,56.83567946005095,57.14065133189265,55.304031770976394
168,53.92917797223681,54.229301635880944,54.529925922701224,54.831051667765344,55.13267970753388,55.43481087986269,55.737446024005266,56.040585980614914,56.344231591747295,56.64838370086265,56.95304315282813,57.25821079392023,57.563887471826945,57.8700740356504,56.040585980614914
169,54.164535048369515,54.46505130087369,54.76606883141438,55.06758847615156,55.36961107264002,55.67213745983159,55.97516847807753,56.2787049691309,56.582747776148764,56.887297743694724,57.19235571774108,57.49792254567131,57.80399907628232,58.110586159786884,56.29317171026663
170,54.78676616591379,55.08832033497076,55.39037751336749,55.6929385401519,55.9960042557715,56.2995755020757,56.603653122318114,56.90823796115902,57.2133308646676,57.51893268032437,57.82504425702345,58.13166644507489,58.43880009620732,58.7464460635699,56.9372725254329
171,54.27331535176341,54.57401305594099,54.87521234082666,55.176914043085326,55.479119000777466,55.78182805336145,56.085042041696006,56.38876180804238,56.69298819606679,56.99772205084275,57.30296421885336,57.60871554799372,57.91497688757326,58.221749088318205,56.43219168326863
172,54.19773552883279,54.498307161608494,54.799380164798094,55.10095537471572,55.403033629070435,55.70561576696874,56.008702628916744,56.31229505682261,56.61639389399879,56.92099998516453,57.22611417644802,57.53173731538886,57.83787025094049,58.14451383347227,56.37017957614051
173,54.0284168453392,54.32870604501353,54.62949614398745,54.93078797778922,55.23258238334078,55.53488019896012,55.837682264363565,56.140989420668205,56.44480251039407,56.74912237746664,57.053949867219075,57.35928582639455,57.66513110314873,57.971486547052066,56.21327994938277
174,54.70596864348839,55.00738803772681,55.309310216493046,55.61173601845996,55.91466628369944,56.21810185368463,56.52204357129233,56.826492280805276,57.13144882791452,57.43691405972175,57.742888824741755,58.04937397290456,58.35637035555808,58.66387882547018,56.91357086565479
175,55.08177166990068,55.3838179247552,55.68636800977633,55.98942276538115,56.29298303338864,56.597049657021955,56.901623480910786,57.20670535109375,57.51229611502069,57.818396621554975,58.12500772097608,58.43213026498163,58.73976510669001,59.04791310064267,57.30851235343
176,54.79977323194316,55.1013490975189,55.40342800862544,55.70601080437105,56.0090983252637,56.312691413213365,56.61679091153434,56.921397664947676,57.22651251958344,57.53213632298309,57.83826992410184,58.14491417331096,58.45206992240029,58.75973802458041,57.03757193715118
177,54.94272211087766,55.244536423235424,55.54685417886664,55.84967621754305,56.15300338043718,56.45683651012466,56.761176450586625,57.06602404721198,57.371380146799794,57.67724559756166,57.983621249124056,58.2905079525306,58.59790656024458,58.90581792615124,57.196828631940434
178,54.469116007419686,54.77014031811986,55.0716667543262,55.37369615361237,55.6762293549491,55.979267198706594,56.28281052665683,56.586860181975915,56.89141700924644,57.196481854459755,57.50205556501843,57.808138989738495,58.11473297885194,58.42183838400884,56.73182393795899
179,54.463645684818694,54.764660870712646,55.066178166892065,55.36819841090523,55.67072244169744,55.973751099613445,56.27728522639969,56.58132566520673,56.88587326059152,57.19092885851983,57.49649330636849,57.80256745292782,58.109152148404036,58.41624824442142,56.74078729174487
180,55.26465375777551,55.5670050702539,55.8698607217522,56.17322155353627,56.477088408275335,56.78146213004416,57.08634356432549,57.391733558012405,57.69763295941062,58.00404261824094,58.31096338564148,58.61839611417007,58.926341657806795,59.23480087195612,57.5664707850312
181,54.736051626155124,55.03752120050314,55.339493643082214,55.641969792704835,55.94495048958275,56.248436575329194,56.55242889296127,56.856928286902274,57.16193560298405,57.467451688449394,57.77347739195418,58.0800135635701,58.387061054786685,58.69462071851386,57.04568239478459
182,55.681217885070765,55.98426404997748,56.28781571295711,56.59187371720887,56.896438907338556,57.20151212936077,57.50709423070132,57.81318606019958,58.11978846811083,58.42690230610861,58.73452842728712,59.04266768616356,59.351320938680495,59.66048904220833,58.01753088199573
183,55.26737499506279,55.569730846718265,55.872591044965226,56.17595643108223,56.479827847751075,56.784206139059236,57.08909215050217,57.394486728985655,57.70039072282817,58.00680498176316,58.31373035694165,58.621167700934286,58.92911786773384,59.237581712757674,57.612937551050614
184,56.44921917866001,56.75354641298402,57.05838128227687,57.36372463330229,57.66957731423645,57.97594017467029,58.28281406561199,58.59019983948923,58.89809835015157,59.20651045287283,59.51543700435348,59.82487886272308,60.13483688754253,60.44531193980652,58.824742628671444
185,56.477482006839956,56.781856385153354,57.08673847707441,57.392129129498045,57.69802919073179,58.00443951049827,58.31136093993742,58.61879433160901,58.926740539494865,59.235200419001266,59.544174826961466,59.85366462163793,60.16367066272466,60.474193811349814,58.86804454233473
186,56.24268060684816,56.546663323200605,56.85115309984649,57.15615078259097,57.46165721865001,57.767673256652806,58.074199746644126,58.38123754008658,58.6887874898632,58.99685045027953,59.305427277066286,59.61451882738143,59.924125959812876,60.23424953438059,58.64482039387849
187,55.79784011853544,56.10108081589662,56.40482733582179,56.70908052205147,57.01384121973359,57.31911027542586,57.624888537098045,57.931176854134435,58.23797607733609,58.54528705892328,58.853110652537794,59.161447713245394,59.470299097538074,59.779665663336594,58.20873506856586
188,55.99057384288281,56.29413603095242,56.5982045778506,56.902780328212444,57.20786412808188,57.51345682491408,57.81955926757787,58.126172306357994,58.43329679295755,58.740933580500304,59.04908352353311,59.35774747802816,59.66692630138563,59.97662085243568,58.41866020736474
189,56.001145024642796,56.30472484603902,56.60881105567723,56.91340449824151,57.21850601982497,57.52411646793204,57.830236691480806,58.13686754080546,58.44400986765851,58.75166452521329,59.05983236806631,59.368514252239514,59.67771103518283,59.98742357577633,58.44400986765851
190,55.91236377883244,56.21579550810982,56.519733378603185,56.824178234584586,57.12913092173439,57.434592287143566,57.74056317931612,58.04704444817137,58.35403694504642,58.66154152269833,58.96955903530676,59.27809033847606,59.58713628923785,59.89669774605328,58.36866840160536
191,55.71910648404314,56.02221584926712,56.32583081798569,56.629952233573945,56.93458094081378,57.239717785896275,57.54536361642397,57.851519281413225,58.15818563129666,58.46536351792544,58.77305379457169,59.08125731593082,59.389974938123835,59.69920751870002,58.187418615709845
192,56.12961076437272,56.433404873858954,56.737705729031795,57.04251417517154,57.34783105896855,57.65365722852547,57.95999353335961,58.26684082440537,58.574199954016535,58.88207177596867,59.19045714546146,59.49935691912115,59.808771955002825,60.1187031125929,58.61815023360894
193,57.60920972864615,57.91547189254688,58.222244918988,58.52952966011694,58.83732696950268,59.14563770213791,59.454462714441554,59.76380286426106,60.07365901087482,60.38403201499452,60.694922738767644,61.00633204577971,61.31826080105675,61.63070987106781,60.13273780354482
194,56.14757060465299,56.451394672164454,56.75572553533417,57.06056403952584,57.365911031513306,57.67176735948282,57.97813387303551,58.28501142318965,58.5924008623831,58.90030304447557,59.20871882475116,59.51764905992054,59.82709460812341,60.13705632893097,58.665664366453704
195,56.33201188554749,56.63614361150461,56.940782646311575,57.245929836188175,57.55158602876565,57.85775207308919,58.164428819620206,58.47161712023879,58.779317828245944,59.087531798366065,59.396259886749235,59.70550295097374,60.01526185004821,60.325537444414316,58.86732655146675
196,56.40995592536998,56.7142176663759,57.01898693310412,57.32426457213612,57.63005143146555,57.93634836050055,58.243156210066125,58.55047583240647,58.85830808118743,59.16665381149878,59.4755138798566,59.7848891442058,60.094780463922234,60.40518869981535,58.96103289552012
197,56.278906393686654,56.582949536692055,56.88749984078595,57.192558151941626,57.49812531754349,57.80420218638941,58.11078960869311,58.417888436086486,58.72549952162207,59.03362371977528,59.34226188644687,59.6514148789653,59.96108355608902,60.27126877800907,58.842819619037414
198,55.87249044653613,56.175855664849294,56.47972691343439,56.78410503637843,57.0889908791764,57.3943852887336,57.700289113368044,58.00670320281277,58.31362840821822,58.621065582154614,58.92901557861428,59.23747925301412,59.546457462197814,59.8559510644384,58.44532445726104
199,55.827210842545654,56.13050053192887,56.43429612559753,56.73859846742845,57.04340840270614,57.34872677812505,57.65455444179196,57.96089224322838,58.26774103337282,58.57510166458326,58.8829749906394,59.19136186674513,59.500263149530845,59.80967969705592,58.41403935129566
200,56.163601455684045,56.46745226355799,56.77180991169465,57.07667524553208,57.382049111918654,57.6879323591153,57.994325836797906,58.301230396059665,58.60864688941343,58.916576170794094,59.22501909556102,59.53397652050024,59.84344930382703,60.15343830518829,58.76987917235312
201,56.55830781576974,56.862817016085145,57.167834154898905,57.47336007948106,57.77939563851491,58.08594168209946,58.39299906175168,58.70056863040891,59.008651242431284,59.317247753604015,59.62635902113987,59.93598590368144,60.24612926130355,60.556789955515804,59.18492912458314
202,57.24332876803227,57.54898062188156,57.85514232023966,58.16181471355595,58.46899865369836,58.77669499395583,59.08490458904061,59.39362829509065,59.70286696967202,60.012621471781216,60.32289266184767,60.633681401735885,60.94498855474821,61.25681498562691,59.89455887876864
203,56.70863630726477,57.01339626397161,57.318664577452594,57.62444209567547,57.9307296680224,58.23752814529243,58.544838379703734,58.85266122489603,59.16099753593301,59.46984816930462,59.77921398292944,60.0890958361572,60.39949458977102,60.710411105989806,59.366840758326155
204,57.00134861475345,57.30659683207691,57.61235422062076,57.91862162971122,58.225399910091326,58.53268991392315,58.84049249479024,59.14880850769997,59.45763880908589,59.766984256810176,60.07684571016586,60.387224029879505,60.69812007811328,61.009534718467464,59.67854722714405
205,56.33185790071442,56.63598936981615,56.94062814733931,57.24577507950291,57.551431013937524,57.857596799687606,58.164273287213845,58.47146132839559,58.779161776533186,59.08737548635026,59.39610331399621,59.7053461170485,60.015104754515185,60.32538008683708,59.01394466979626
206,56.53684277834185,56.841316173765755,57.14629744796344,57.45178744810532,57.75778702277491,58.064297021971235,58.371318297111166,58.678851701031746,58.98689808799267,59.29545831367853,59.60453323520122,59.91412371110243,60.22423060135593,60.53485476736988,59.23664528183467
207,55.83475017064295,56.138052436050096,56.441860626720214,56.746175586565094,57.05099816090431,57.356329196467385,57.662169541396324,57.968520045247836,58.27538155899569,58.58275493503324,58.890641027175576,59.19904069066208,59.50795478215862,59.817384159760145,58.53881308188971
208,55.81611469776741,56.11938587815612,56.42316293195621,56.72744670299304,57.0322380364995,57.33753777911837,57.6433467789047,57.949665885328116,58.25649594927525,58.563837823052005,58.871692360386014,59.18006041642896,59.488942847758985,59.79834051238301,58.534545094300015
209,56.073072321038545,56.37677212121664,56.68097850976809,56.985692331710794,57.29091443347229,57.596645662891916,57.902886869223266,58.20963890313658,58.51690261672102,58.82467886348711,59.132968498369074,59.441772377727226,59.75109135935025,60.06092630245783,58.8100112170578
210,56.64192486543388,56.94657354369806,57.25173039311768,57.55739626135085,57.86357199746961,58.17025845196233,58.47745647673602,58.785166925118716,59.093390651861895,59.40212851314272,59.711381366566584,60.02115007116941,60.331435487419995,60.64223847722253,59.40212851314272
211,55.6435332649705,55.946516569808225,56.2500052678647,56.554000202164275,56.85850221713755,57.163512158623625,57.46903087387255,57.7750592115476,58.08159802172769,58.38864815590974,58.69621046701094,59.0042858093713,59.312875038755806,59.621979012356995,58.403282359499194
212,56.2849467762485,56.58899999495223,56.89356039155133,57.198628812047076,57.504206103851935,57.810293115791914,58.11689069810894,58.42399970246314,58.73162098193527,59.03975539102909,59.3484037856737,59.657567023225994,59.96724596247292,60.277441463633885,59.069128318256446
213,56.895493412983676,57.20056505786803,57.50614557943998,57.81223582653451,58.11883664940247,58.425948899713035,58.73357343055598,59.04171109644406,59.35036275331548,59.659529258536125,59.96921147090206,60.279410250641845,60.59012645941896,60.90136096033415,59.70373798063344
214,55.94887909591284,56.25237173479591,56.55637061649564,56.86087658545354,57.165890487519704,57.47141316995519,57.77744548143429,58.08398827204697,58.39104239330119,58.698608698125256,59.00668804087016,59.31528127731213,59.62438926465476,59.93401286153153,58.7572508975896
215,55.435544103047995,55.73818047024813,56.041321651955485,56.344968490229114,56.64912182853264,56.95378251173666,57.25895138612103,57.564629299377266,57.87081710061087,58.17751564034374,58.48472577051641,58.792448344490616,59.100684217051445,59.40943424440984,58.25061447475108
216,56.05472378322423,56.358392977007725,56.66256870811138,56.96725182146795,57.27244316341965,57.578143581720376,57.884353925538164,58.19107504545748,58.49830779348167,58.80605302303522,59.114311588966174,59.4230843475485,59.73237215648457,60.042175874907315,58.89407448033285
217,56.125721658877865,56.429509281117085,56.733803638221794,57.03860557545427,57.343915939486784,57.64973557840387,57.95606534170472,58.26290608030555,58.57025864654191,58.87812389417117,59.18650267837476,59.495395855760556,59.80480428436546,60.11472882365745,58.98085972034741
218,55.53397051381743,55.83677106181482,56.140076698182284,56.44388826543563,56.74820660749611,57.05303256969263,57.35836699876418,57.664210742862146,57.97056465155266,58.27742957581901,58.58480636806397,58.892695882112164,59.20109897321243,59.5100164980402,58.39446509404684
219,55.721882798208185,56.024996794480586,56.32861640197242,56.63274246407167,56.93737582557315,57.24251733268085,57.54816783301026,57.85432817559074,58.160999210867885,58.46818179070588,58.77587676838986,59.08408499862829,59.39280733755539,59.702044642733334,58.59998827445817
220,56.51170462679366,56.81613609036481,57.121075362765055,57.426523291048134,57.73248072368069,58.03894851054469,58.34592750293974,58.65341855358545,58.96142251662384,59.269940247621655,59.57897260357282,59.88852044290072,60.19858462546066,60.50916601254224,59.417034277463216
221,55.83474306915774,56.138045322719215,56.44185350152385,56.746168449483534,57.050991011917674,57.35632203555585,57.66216236853998,57.96851286042675,58.275374362189936,58.582747726222806,58.89063380634043,59.19903345778218,59.50794753721388,59.8173769027304,58.74395738890945
222,56.663979688844094,56.968665155796,57.273858855268976,57.579561635023445,57.88577434423402,58.192497833491736,58.49973295480651,58.807480561609424,59.11574150875512,59.42451665252422,59.73380685062563,60.04361296219905,60.35393584781717,60.664776369488166,59.60119078563238
223,56.68339692065293,56.98811477664121,57.2933409191773,57.599076196111746,57.90532145670944,58.2120775516518,58.51934533303934,58.82712565439385,59.13541937066087,59.44422733821203,59.75355041484743,60.063389459798096,60.37374533372813,60.684618898737476,59.635652259186955
224,56.5417979185657,56.84627957944259,57.15126913288052,57.45676742607288,57.762775307626235,58.069293627562665,58.37632323732216,58.68386498976495,58.99191973917385,59.30048834125673,59.609571653148784,59.919170533414935,60.2292858420523,60.5399184404925,59.5064866395709
225,55.901369672532226,56.20478306302104,56.50870256413568,56.81312902009723,57.118063276534876,57.42350618048845,57.729458580410636,58.035921326169436,58.34289526905043,58.65038126175923,58.95838015842378,59.26689281459673,59.575920087257956,59.88546283481673,58.8703280866644
226,56.12944287140517,56.43323670083649,56.73753727548724,57.04234544063701,57.347662042975294,57.653487930604015,57.95982395303971,58.26667096121594,58.57402980748572,58.88190134562387,59.19028643082925,59.49918591972729,59.80860067037233,60.118531542250025,59.1168147847005
227,56.65918224776283,56.96385971231278,57.26904539603534,57.57474014666868,57.8809448133651,58.1876602466933,58.49488729864079,58.802626822616276,59.110879673451926,59.419646707405896,59.72892878216457,60.038726756844994,60.349041491997326,60.65987384960719,59.66997816248867
228,56.99007504356927,57.295304455941,57.60104300816537,57.90729154951635,58.214050930684486,58.52132200377941,58.82910562233205,59.137402641297115,59.446213917055424,59.75554030741623,60.065382671619766,60.37574187033941,60.68661876568431,60.99801422120151,60.02108785389354
229,55.9814682339164,56.28501523331735,56.589068566211346,56.89362907719116,57.198697612258414,57.5042750188259,57.81036214571994,58.11695984318277,58.424068962874834,58.73169035787724,59.039824882694056,59.3484733932547,59.657636746916346,59.967315802466295,59.01045660643653
230,56.17575722290748,56.479628307285864,56.7840062657493,57.0888919437923,57.39428618831969,57.70018984764907,58.006603771513,58.31352881106144,58.620965818864164,58.92891564891305,59.23737915662449,59.546357198841775,59.85585063383746,60.16586032131566,59.22267875750339
231,55.97852767128942,56.282069765666265,56.586118185354294,56.89067377493266,57.19573738038929,57.50130984912327,57.80739202994723,58.11398477308965,58.421088930197214,58.728705354337265,59.03683490000002,59.345478423101085,59.65463678098382,59.96431083242161,59.03683490000002
232,55.84936352583372,56.15269016714047,56.45652277437054,56.760862191503584,57.065709263927076,57.371064838438656,57.676929763248424,57.98330488798138,58.29019106367973,58.597589142805255,58.905499979241746,59.213924428297226,59.52286334670653,59.83231759263348,58.920175204444995
233,55.870743861496955,56.17410616640789,56.477974496731036,56.78234969654531,57.08723261133757,57.39262408800498,57.69852497485739,58.004936121619714,58.31185837943422,58.61929260086289,58.927239639889905,59.235700351923896,59.54467559380039,59.85416622378414,58.95659470605672
234,55.26672469263139,55.56907945954577,55.87193857124224,56.175302868996305,56.479173195486794,56.783550394798105,57.088435312422675,57.393828795263246,57.69973169163522,58.0061448512691,58.31306912531272,58.62050536633373,58.92845442832188,59.23691716669142,58.35695722349603
235,54.72921902330575,55.03067720048737,55.33263822688887,55.63510294129114,55.93807218387411,56.24154679621919,56.545527621311635,56.85001550354279,57.155011288712565,57.46051582403164,57.76652995812394,58.073054541028874,58.38009042420389,58.687638460526586,57.82487621260268
236,55.65165698402898,55.95465383968769,56.258156111168674,56.56216464153401,56.86668027525203,57.171703858199685,57.47723623766492,57.783278262348965,58.089830782368765,58.39689464925927,58.70447071597591,59.01255983689679,59.32116286782528,59.63028066599219,58.77777870103565
237,55.78255273301399,56.08576793015503,56.389488907324235,56.69371650819121,56.99845157783279,57.30369496273551,57.609447510797835,57.91571007133259,58.22248349506931,58.52976863415661,58.837566342164514,59.14587747408684,59.45470288634358,59.76404343678335,58.92560280937809
238,54.69186744809575,54.99326332074599,55.29516193868867,55.59756414053128,55.9004707662801,56.203882657342646,56.50780065652991,56.81222560805875,57.117158357554246,57.42259975205198,57.72855064000049,58.035011871263556,58.341984297122515,58.649468770278844,57.830647636932724
239,53.52091192395866,53.82035457683766,54.1202967169285,54.420739177404016,54.721682792826755,55.023128399151425,55.32507683372711,55.62752893529968,55.93048554401403,56.233947501416495,56.53791565045715,56.84239083549216,57.14737390228615,57.45286569801447,56.65384636470473
240,53.63258106432557,53.93220998762072,54.232338708837304,54.53296806166637,54.83409888118963,55.1357320038818,55.43786826761286,55.740508511650404,56.04365357666195,56.34730430471735,56.65146153929101,56.956126125264355,57.26129890892809,57.56698073798461,56.78196990216146
241,54.26660585552639,54.56729236788628,54.86848044228573,55.17017091535844,55.47236462513371,55.775062411038675,56.078265113900756,56.381973575949836,56.68618864082075,56.99091115355554,57.296141960605816,57.60188190983515,57.90813185052135,58.21489263335891,57.4416688620763
242,53.7965334288613,54.09643583393555,54.39683849311421,54.69774224084927,54.999147912984746,55.30105634675874,55.60346838080602,55.9063848551602,56.20980661125613,56.5137344919322,56.818169341432736,57.12311200541028,57.428563330928014,57.73452416646201,56.97783782654192
243,52.87557093846261,53.17393712622737,53.47280100559953,53.77216340675674,54.07202516126141,54.37238710206305,54.67325006350057,54.97461488130463,55.276482392599924,55.57885343590746,55.88172885114706,56.185109479639465,56.48899616410888,56.79338974868518,56.05502729341819
244,52.75513510130027,53.0533003953048,53.35196304581461,53.6511238824484,53.95078373620867,54.25094343948411,54.55160382605183,54.852765731079806,55.15442999112905,55.45659744415604,55.75926892951502,56.06244528796028,56.36612736164864,56.670315994141504,55.946889947281036
245,53.28255821499277,53.581603280459355,53.88114716993957,54.18119071550001,54.48173475059514,54.7827801100697,55.08432763016098,55.38637814850119,55.68893250411975,55.991991537445585,56.295556090309574,56.59962700594678,56.9042051289988,57.20929130551619,56.498213719427945
246,52.55736127790562,52.85519667403262,53.153528876376676,53.45235871363854,53.7516870159013,54.05151461463262,54.351842342687185,54.65267103430883,54.95400152513303,55.255834652189115,55.558171253902636,55.86101217009768,56.16435824199916,56.468210312235335,55.774434684355825
247,51.91519232127919,52.21195654341477,52.50921578498887,52.80697087172177,53.10522263071114,53.403971890434256,53.703219480750406,54.00296623290306,54.30321297952227,54.60396055462699,54.90520979362736,55.20696153332698,55.50921661192533,55.81197586902004,55.135070258094984
248,51.3371304075743,51.63293038987705,51.92922378321194,52.226011410616394,52.52329409650065,52.821072666650146,53.11934794822778,53.41812076977615,53.71739196122002,54.01716235386838,54.317432780417015,54.61820407495061,54.91947707294514,55.221252611270295,54.56087565005785
249,51.3298978993809,51.62568581745259,51.92196712643261,52.2187426493248,52.51601321050581,52.81377963572734,53.11204275211859,53.410803388188384,53.710062373827576,54.00982054031134,54.310078720301384,54.61083774784847,54.91209845839448,55.213861688774976,54.567841476699556
250,50.97385081051311,51.26904482198534,51.56473123369624,51.86091086699715,52.157584544609456,52.4547530906269,52.75241733051786,53.050578091127626,53.34923620068074,53.648392488783244,53.948047786425036,54.24820292598212,54.54885874121897,54.85001606729082,54.219595164278466
251,50.55145063569175,50.84594005987964,51.140920709014914,51.43639340248847,51.73235896105798,52.02881820685017,52.32577196336315,52.62322105546866,52.921166309414346,53.21960855282612,53.5185486147104,53.81798732545644,54.117925516838646,54.41836402201886,53.803717019730705
